polygon_id,class,pixel_count
23980,3,70
23980,5,4
23980,7,235
23980,8,192
23980,9,199
23980,12,4
24711,3,45
24711,5,10
24711,7,106
24711,8,170
24711,9,276
24711,11,37
24711,12,60
99148,3,181
99148,5,525
24730,3,104
24730,5,32
24730,7,202
24730,8,7
24730,9,154
24730,10,18
24730,11,16
24730,12,173
171534,3,123
171534,5,292
171534,7,13
171534,9,201
171534,10,7
171534,12,67
24869,7,217
24869,8,248
24869,9,244
91669,3,353
91669,5,224
91669,8,2
91669,9,81
91669,11,31
91669,12,14
25349,3,19
25349,5,50
25349,7,293
25349,8,47
25349,9,239
25349,11,5
25349,12,52
25349,212,1
90842,3,122
90842,5,196
90842,8,6
90842,9,309
90842,12,76
25396,3,21
25396,5,90
25396,7,225
25396,8,35
25396,9,274
25396,10,30
25396,11,14
25396,12,18
143593,5,163
143593,7,52
143593,8,128
143593,9,346
143593,12,17
90246,3,79
90246,5,163
90246,8,12
90246,9,429
90246,12,8
90246,53,14
90246,212,2
25688,3,60
25688,5,111
25688,7,83
25688,8,100
25688,9,91
25688,10,1
25688,11,15
25688,12,241
143717,3,179
143717,5,147
143717,9,282
143717,12,100
90190,3,35
90190,5,147
90190,8,1
90190,9,436
90190,12,73
90190,53,7
90190,93,4
90190,212,3
25892,5,27
25892,7,190
25892,8,146
25892,9,286
25892,10,3
25892,11,14
25892,12,17
25892,211,9
25892,212,16
143758,3,152
143758,5,199
143758,8,12
143758,9,269
143758,12,62
143758,53,6
143758,212,5
90209,3,197
90209,5,101
90209,8,4
90209,9,331
90209,12,75
27742,3,23
27742,5,10
27742,7,141
27742,8,108
27742,9,372
27742,10,1
27742,11,15
27742,12,34
143770,3,144
143770,5,209
143770,8,25
143770,9,284
143770,12,42
90120,3,55
90120,5,212
90120,8,5
90120,9,383
90120,12,13
90120,53,22
90120,93,15
90120,211,3
90120,212,1
27850,3,46
27850,5,16
27850,7,259
27850,8,42
27850,9,204
27850,10,18
27850,11,26
27850,12,97
143815,3,91
143815,5,211
143815,8,18
143815,9,332
143815,12,56
90128,3,69
90128,5,193
90128,8,8
90128,9,368
90128,11,3
90128,12,21
90128,53,22
90128,93,11
90128,211,4
90128,212,5
27852,3,27
27852,5,17
27852,7,231
27852,8,96
27852,9,318
27852,12,12
143829,5,399
143829,8,118
143829,9,187
143829,12,1
143829,93,2
143829,212,1
90135,3,42
90135,5,241
90135,8,62
90135,9,310
90135,12,50
27962,7,138
27962,8,151
27962,9,418
143934,3,5
143934,5,324
143934,8,2
143934,9,365
143934,11,5
143934,12,4
90148,3,93
90148,5,140
90148,8,5
90148,9,396
90148,11,4
90148,12,29
90148,53,14
90148,93,9
90148,211,4
90148,212,15
146846,3,94
146846,5,216
146846,7,32
146846,8,42
146846,9,253
146846,10,10
146846,11,60
82887,3,19
82887,5,504
82887,8,39
82887,9,22
82887,10,17
82887,11,27
82887,12,60
82887,53,11
82887,210,3
82887,211,9
90225,3,82
90225,5,274
90225,9,189
90225,12,163
143941,3,60
143941,5,269
143941,8,4
143941,9,350
143941,12,23
83354,3,219
83354,5,493
90238,3,68
90238,5,187
90238,8,11
90238,9,427
90238,12,8
90238,53,7
83387,3,156
83387,5,423
83387,8,64
83387,9,17
83387,10,17
83387,11,8
83387,53,11
83387,210,3
83387,211,9
143975,3,97
143975,5,220
143975,9,323
143975,12,64
90844,3,54
90844,5,128
90844,8,9
90844,9,490
90844,11,15
90844,12,8
83390,3,11
83390,5,569
83390,8,4
83390,11,74
83390,12,46
144896,3,63
144896,5,162
144896,7,77
144896,8,112
144896,9,146
144896,11,65
144896,12,83
99123,3,78
99123,5,592
99123,8,33
99123,9,1
145308,3,48
145308,5,182
145308,7,41
145308,8,45
145308,9,317
145308,11,41
145308,12,35
101231,3,312
101231,5,328
101231,7,2
101231,10,61
101231,53,3
145465,3,7
145465,5,190
145465,7,67
145465,8,188
145465,9,239
145465,12,17
103025,3,238
103025,5,258
103025,9,161
103025,12,45
146674,3,143
146674,5,217
146674,7,1
146674,8,48
146674,9,252
146674,11,39
146674,12,7
83399,3,200
83399,5,312
83399,8,75
83399,9,49
83399,10,17
83399,11,16
83399,12,11
83399,53,11
83399,210,3
83399,211,8
171951,3,52
171951,5,336
171951,7,41
171951,8,45
171951,9,148
171951,12,86
24778,3,108
24778,5,69
24778,7,229
24778,8,10
24778,9,201
24778,11,5
24778,12,86
24778,125,1
24805,7,91
24805,8,225
24805,9,256
24805,87,140
107124,5,10
107124,7,253
107124,8,101
107124,9,320
107124,10,3
107124,11,2
107124,12,5
107124,83,3
107124,93,4
107124,210,1
107124,211,2
107124,212,5
69743,3,42
69743,5,13
69743,7,247
69743,8,43
69743,9,288
69743,10,1
69743,11,16
69743,12,61
107135,3,3
107135,5,21
107135,7,246
107135,8,86
107135,9,310
107135,11,5
107135,12,11
107135,53,5
107135,83,3
107135,93,8
107135,211,1
107135,212,8
71693,3,26
71693,5,30
71693,7,195
71693,8,53
71693,9,327
71693,11,1
71693,12,39
71693,53,1
71693,83,8
71693,93,12
71693,210,4
71693,211,2
71693,212,9
146758,3,137
146758,5,216
146758,9,229
146758,12,107
146758,53,12
146758,93,4
146758,212,3
107222,3,14
107222,7,148
107222,8,56
107222,9,422
107222,11,39
107222,12,23
107222,212,2
41200,3,17
41200,5,12
41200,7,200
41200,8,64
41200,9,353
41200,11,9
41200,12,27
41200,211,11
41200,212,14
146786,5,299
146786,8,99
146786,9,280
146786,11,7
146786,12,6
146786,83,4
146786,93,4
146786,211,4
146786,212,3
108392,3,4
108392,7,241
108392,8,77
108392,9,321
108392,11,1
108392,12,54
108392,93,5
108392,212,6
69719,3,42
69719,5,8
69719,7,273
69719,8,80
69719,9,222
69719,12,84
146789,3,55
146789,5,240
146789,7,58
146789,8,117
146789,9,237
146789,10,1
124894,7,236
124894,8,94
124894,9,375
146889,3,22
146889,5,260
146889,7,1
146889,8,146
146889,9,255
146889,11,8
146889,53,9
146889,117,2
146889,211,2
43374,3,4
43374,7,183
43374,8,71
43374,9,443
43374,10,3
124904,5,114
124904,8,319
124904,9,275
172078,3,54
172078,5,230
172078,7,35
172078,8,91
172078,9,295
172078,10,5
43673,3,46
43673,5,136
43673,7,5
43673,8,51
43673,9,392
43673,11,25
43673,12,53
109557,7,165
109557,8,184
109557,9,360
146904,3,260
146904,5,75
146904,7,10
146904,8,21
146904,9,214
146904,10,26
146904,11,44
146904,12,41
146904,53,2
146904,83,4
146904,211,4
146904,212,8
43490,7,207
43490,8,127
43490,9,369
109593,3,21
109593,5,3
109593,7,266
109593,8,57
109593,9,279
109593,11,2
109593,12,85
147610,3,430
147610,5,16
147610,9,140
147610,12,121
40290,5,25
40290,7,198
40290,8,95
40290,9,381
40290,12,2
40290,53,1
40290,83,2
40290,93,5
40290,212,1
118572,7,228
118572,8,68
118572,9,410
118572,212,2
147643,3,262
147643,5,174
147643,7,18
147643,9,83
147643,10,12
147643,11,24
147643,12,132
69034,3,15
69034,5,4
69034,7,307
69034,8,41
69034,9,228
69034,11,14
69034,12,83
69034,93,4
69034,212,7
109819,7,215
109819,8,122
109819,9,301
109819,11,20
109819,12,37
109819,211,10
109819,212,4
147740,3,384
147740,5,4
147740,7,50
147740,9,89
147740,10,40
147740,12,142
38439,3,23
38439,5,11
38439,7,130
38439,8,77
38439,9,409
38439,10,8
38439,11,12
38439,12,39
110651,5,6
110651,7,189
110651,8,123
110651,9,391
32804,3,31
32804,5,58
32804,7,95
32804,8,169
32804,9,327
32804,11,26
32804,12,1
147752,3,355
147752,5,104
147752,8,1
147752,9,188
147752,12,61
110879,3,22
110879,5,56
110879,7,143
110879,8,122
110879,9,351
110879,11,5
110879,93,2
110879,211,6
32293,3,77
32293,5,143
32293,8,178
32293,9,295
32293,53,11
171439,3,165
171439,5,231
171439,7,27
171439,8,7
171439,9,225
171439,11,36
171439,12,22
111389,7,223
111389,8,147
111389,9,322
111389,12,6
44469,5,12
44469,7,152
44469,8,177
44469,9,355
44469,11,3
44469,83,2
44469,93,4
44469,210,2
148668,3,256
148668,5,156
148668,9,198
148668,12,97
115617,3,9
115617,7,258
115617,8,39
115617,9,330
115617,11,2
115617,12,38
115617,210,7
115617,211,1
115617,212,23
71753,5,22
71753,7,186
71753,8,164
71753,9,332
148710,3,179
148710,5,265
148710,9,221
148710,12,42
115747,7,323
115747,8,107
115747,9,273
43457,3,51
43457,7,245
43457,8,96
43457,9,292
43457,10,15
43457,12,10
148866,3,292
148866,5,70
148866,9,232
148866,11,35
148866,12,76
115771,5,18
115771,7,265
115771,8,106
115771,9,311
41103,3,7
41103,5,47
41103,7,158
41103,8,47
41103,9,382
41103,11,1
41103,12,41
41103,210,1
41103,211,3
41103,212,16
148874,3,273
148874,5,106
148874,9,221
148874,10,3
148874,11,23
148874,12,79
118435,7,247
118435,8,130
118435,9,329
41146,3,32
41146,5,26
41146,7,171
41146,8,35
41146,9,354
41146,11,3
41146,12,73
41146,210,1
41146,211,3
41146,212,11
150137,3,30
150137,5,118
150137,7,129
150137,8,84
150137,9,300
150137,11,6
150137,12,42
118466,7,170
118466,8,173
118466,9,358
68093,3,23
68093,5,45
68093,7,312
68093,8,86
68093,9,175
68093,11,18
68093,12,49
150185,3,245
150185,5,65
150185,7,123
150185,8,38
150185,9,8
150185,12,228
119968,3,15
119968,5,24
119968,7,200
119968,8,84
119968,9,249
119968,11,44
119968,12,45
119968,53,4
119968,83,6
119968,93,4
119968,211,9
119968,212,23
150252,3,55
150252,5,62
150252,7,171
150252,8,128
150252,9,184
150252,11,52
150252,12,55
71743,3,18
71743,5,17
71743,7,213
71743,8,76
71743,9,320
71743,12,63
125085,7,166
125085,8,185
125085,9,351
125085,10,1
71551,3,20
71551,5,5
71551,7,204
71551,8,86
71551,9,319
71551,12,69
151855,3,93
151855,5,15
151855,7,153
151855,8,80
151855,9,151
151855,11,79
151855,12,131
133911,7,266
133911,8,95
133911,9,350
70157,3,27
70157,5,80
70157,8,94
70157,9,461
70157,11,35
70157,12,9
151961,5,15
151961,6,10
151961,8,8
151961,9,333
151961,65,204
151961,67,75
151961,85,44
151961,95,19
126797,5,106
126797,7,96
126797,8,97
126797,9,402
36064,5,39
36064,7,101
36064,8,181
36064,9,336
36064,11,14
36064,12,37
152023,3,64
152023,5,126
152023,7,41
152023,8,53
152023,9,285
152023,10,30
152023,11,14
152023,12,70
152023,53,2
152023,93,10
152023,211,7
152023,212,4
126930,7,311
126930,8,27
126930,9,236
126930,10,1
126930,11,19
126930,12,60
126930,210,7
126930,211,11
126930,212,32
36202,7,284
36202,8,115
36202,9,283
36202,12,17
36202,212,8
154505,3,4
154505,5,233
154505,7,29
154505,8,130
154505,9,298
154505,12,14
129912,3,17
129912,7,256
129912,8,103
129912,9,287
129912,11,5
129912,12,12
129912,73,7
129912,93,7
129912,211,7
129912,212,6
71549,3,23
71549,7,174
71549,8,97
71549,9,308
71549,12,106
155192,3,134
155192,5,19
155192,7,158
155192,8,38
155192,9,115
155192,10,17
155192,11,16
155192,12,208
133653,7,233
133653,8,99
133653,9,375
71652,3,57
71652,5,135
71652,7,93
71652,8,68
71652,9,258
71652,11,46
71652,12,52
155227,3,78
155227,5,140
155227,7,70
155227,8,87
155227,9,308
155227,10,10
155227,11,7
155227,12,10
134451,7,264
134451,8,97
134451,9,346
68730,7,257
68730,8,49
68730,9,404
171531,3,64
171531,5,235
171531,7,43
171531,8,44
171531,9,290
171531,10,3
171531,11,19
171531,12,10
111848,5,4
111848,7,227
111848,8,160
111848,9,318
49748,3,336
49748,5,65
49748,9,97
49748,11,2
49748,12,207
171549,3,69
171549,5,283
171549,7,19
171549,8,23
171549,9,258
171549,12,54
133955,7,292
133955,8,97
133955,9,316
171972,3,88
171972,5,228
171972,7,43
171972,8,66
171972,9,217
171972,11,7
171972,12,60
49307,3,359
49307,5,46
49307,9,17
49307,10,12
49307,11,10
49307,12,259
114829,5,187
114829,7,43
114829,8,135
114829,9,322
114829,12,9
114829,93,5
114829,212,3
48356,3,460
48356,5,185
48356,12,60
172034,3,66
172034,5,84
172034,7,11
172034,8,4
172034,9,451
172034,10,1
172034,12,58
172034,53,10
172034,93,1
172034,105,1
172034,115,19
172034,212,3
114997,7,152
114997,8,231
114997,9,318
56332,3,117
56332,5,121
56332,9,219
56332,11,64
56332,12,176
56332,211,3
56332,212,2
172047,3,310
172047,5,122
172047,7,7
172047,8,9
172047,9,120
172047,12,135
134351,7,166
134351,8,159
134351,9,384
172080,3,152
172080,5,202
172080,7,24
172080,8,59
172080,9,104
172080,11,18
172080,12,136
172080,53,4
172080,93,2
172080,211,7
172080,212,1
47269,3,598
47269,5,111
114848,3,21
114848,7,196
114848,8,123
114848,9,332
114848,11,3
114848,12,10
114848,210,6
114848,211,9
114848,212,4
26430,3,191
26430,5,202
26430,8,34
26430,9,195
26430,11,23
26430,12,59
173474,5,186
173474,7,94
173474,8,154
173474,9,270
173474,211,2
173474,212,1
113471,3,10
113471,7,262
113471,8,52
113471,9,338
113471,12,44
30880,5,21
30880,7,203
30880,8,119
30880,9,310
30880,11,5
30880,12,35
30880,211,5
30880,212,10
173534,3,98
173534,5,68
173534,7,114
173534,8,130
173534,9,250
173534,10,5
173534,12,48
115109,5,2
115109,8,135
115109,9,326
115109,11,1
115109,87,241
115109,211,2
115109,212,1
31509,3,29
31509,5,29
31509,7,213
31509,8,126
31509,9,226
31509,11,23
31509,12,45
31509,211,9
31509,212,8
173558,3,58
173558,5,95
173558,7,151
173558,8,79
173558,9,199
173558,10,8
173558,11,16
173558,12,97
173558,83,2
173558,93,2
115078,8,153
115078,9,406
115078,87,149
30853,3,57
30853,5,26
30853,7,138
30853,8,84
30853,9,337
30853,11,6
30853,12,26
30853,53,7
30853,73,5
30853,211,4
30853,212,20
173745,3,40
173745,5,79
173745,7,17
173745,8,304
173745,9,254
173745,11,7
173745,12,8
114767,3,14
114767,5,5
114767,7,158
114767,8,108
114767,9,317
114767,12,106
114767,83,1
114767,93,1
35815,3,9
35815,7,293
35815,8,81
35815,9,281
35815,11,1
35815,12,17
35815,83,9
35815,93,4
35815,210,2
35815,211,3
35815,212,9
147974,3,305
147974,5,125
147974,9,8
147974,11,29
147974,12,241
114811,7,252
114811,8,57
114811,9,372
114811,11,1
114811,12,7
114811,83,2
114811,211,3
114811,212,10
36770,3,55
36770,5,35
36770,7,188
36770,8,127
36770,9,208
36770,11,7
36770,12,73
36770,211,5
36770,212,6
148016,3,211
148016,5,162
148016,7,52
148016,8,29
148016,9,25
148016,11,22
148016,12,186
148016,53,9
148016,210,4
148016,211,7
133993,3,50
133993,5,117
133993,7,63
133993,8,65
133993,9,288
133993,10,14
133993,11,44
133993,12,32
133993,53,5
133993,73,9
133993,83,8
133993,210,2
133993,211,7
133993,212,4
151541,3,170
151541,5,134
151541,7,28
151541,8,112
151541,9,124
151541,10,12
151541,11,22
151541,12,99
35766,3,15
35766,7,242
35766,8,72
35766,9,306
35766,11,1
35766,12,62
35766,83,4
35766,211,2
35766,212,5
124929,7,178
124929,8,85
124929,9,441
163657,3,225
163657,5,76
163657,7,156
163657,9,7
163657,10,29
163657,12,215
35865,3,25
35865,5,1
35865,7,179
35865,8,99
35865,9,338
35865,11,5
35865,12,44
35865,83,4
35865,210,7
35865,212,4
114770,3,39
114770,5,12
114770,7,314
114770,8,56
114770,9,238
114770,11,3
114770,12,47
164586,3,15
164586,5,198
164586,7,3
164586,8,64
164586,9,400
164586,10,27
38039,7,312
38039,8,142
38039,9,209
38039,12,24
38039,83,5
38039,211,1
38039,212,11
116664,3,6
116664,5,22
116664,8,90
116664,9,319
116664,11,12
116664,12,4
116664,53,2
116664,57,13
116664,87,221
116664,93,7
116664,211,5
116664,212,6
163676,3,29
163676,5,187
163676,8,28
163676,9,310
163676,11,12
163676,12,139
38172,7,282
38172,8,113
38172,9,281
38172,12,16
38172,93,8
38172,212,7
115016,7,192
115016,8,206
115016,9,309
115016,12,2
38173,7,283
38173,8,116
38173,9,284
38173,12,15
38173,93,4
38173,212,5
144036,3,86
144036,5,194
144036,8,91
144036,9,203
144036,11,44
144036,12,87
97186,3,266
97186,5,194
97186,8,20
97186,9,110
97186,11,6
97186,12,108
38175,7,204
38175,8,196
38175,9,307
163035,3,244
163035,5,65
163035,8,15
163035,9,225
163035,11,97
163035,12,41
163035,93,12
163035,212,6
92889,3,138
92889,5,115
92889,8,14
92889,9,307
92889,11,20
92889,12,114
31809,3,14
31809,7,322
31809,8,57
31809,9,256
31809,11,4
31809,12,28
31809,210,5
31809,211,8
31809,212,11
150500,3,200
150500,5,126
150500,7,54
150500,8,56
150500,9,24
150500,11,39
150500,12,209
97915,3,237
97915,5,110
97915,7,5
97915,8,1
97915,9,103
97915,11,51
97915,12,102
97915,85,90
97915,95,8
34895,3,42
34895,5,32
34895,7,287
34895,8,25
34895,9,279
34895,10,18
34895,12,21
147980,3,330
147980,5,40
147980,8,25
147980,9,142
147980,11,54
147980,12,114
105108,3,293
105108,5,186
105108,7,13
105108,9,130
105108,10,33
105108,12,52
35742,3,6
35742,7,330
35742,8,39
35742,9,320
35742,12,3
35742,83,4
35742,210,2
35742,212,3
192697,3,664
192697,5,43
105056,3,394
105056,5,184
105056,9,102
105056,12,25
37929,3,11
37929,7,353
37929,8,122
37929,9,206
37929,12,3
37929,211,6
37929,212,3
145688,3,343
145688,5,93
145688,9,205
145688,11,5
145688,12,62
117740,3,126
117740,5,13
117740,7,203
117740,8,46
117740,9,203
117740,10,10
117740,11,18
117740,12,85
148109,3,54
148109,5,367
148109,7,23
148109,8,25
148109,9,179
148109,10,7
148109,11,15
148109,12,20
148109,93,1
148109,212,10
119069,5,11
119069,7,190
119069,8,213
119069,9,247
119069,12,46
173036,3,110
173036,5,188
173036,8,110
173036,9,299
31534,7,231
31534,8,81
31534,9,353
31534,10,2
31534,11,2
31534,12,26
31534,210,5
31534,211,1
31534,212,6
122635,3,162
122635,5,6
122635,7,218
122635,8,30
122635,9,127
122635,10,3
122635,11,17
122635,12,141
180609,3,245
180609,5,26
180609,7,70
180609,8,2
180609,9,132
180609,10,19
180609,11,18
180609,12,196
35608,8,108
35608,9,584
35608,11,2
35608,12,3
35608,211,1
35608,212,5
140946,3,25
140946,5,13
140946,7,197
140946,8,78
140946,9,321
140946,10,1
140946,11,38
140946,12,36
172464,3,350
172464,5,41
172464,9,142
172464,10,2
172464,11,68
172464,12,105
38794,5,94
38794,7,7
38794,8,318
38794,9,285
123284,3,17
123284,5,4
123284,7,254
123284,8,92
123284,9,319
123284,10,21
35801,7,145
35801,8,107
35801,9,403
35801,10,1
35801,11,7
35801,12,21
35801,211,4
35801,212,11
172567,3,51
172567,5,161
172567,8,115
172567,9,320
172567,12,56
127775,3,60
127775,5,100
127775,7,142
127775,8,90
127775,9,303
127775,10,7
127775,11,2
36520,7,202
36520,8,188
36520,9,319
180556,3,325
180556,5,10
180556,8,2
180556,9,174
180556,10,10
180556,11,27
180556,12,161
131681,3,3
131681,5,13
131681,7,220
131681,8,124
131681,9,259
131681,11,2
131681,12,61
131681,73,7
131681,93,7
131681,211,4
131681,212,5
34873,7,289
34873,8,96
34873,9,248
34873,11,8
34873,12,68
,9
166043,12,241
117767,3,3
117767,5,100
117767,7,108
117767,8,134
117767,9,329
117767,10,11
117767,11,2
117767,12,2
117767,83,5
117767,210,5
117767,211,3
117767,212,2
144113,3,296
144113,5,4
144113,8,5
144113,9,134
144113,11,79
144113,12,187
117589,5,90
117589,7,187
117589,8,78
117589,9,349
31271,3,4
31271,5,16
31271,7,125
31271,8,182
31271,9,237
31271,11,81
31271,12,27
31271,93,4
31271,211,16
31271,212,12
173009,3,301
173009,5,104
173009,7,20
173009,8,1
173009,9,32
173009,10,1
173009,11,55
173009,12,191
121009,3,248
121009,5,56
121009,8,64
121009,9,274
121009,12,57
121009,212,6
180526,3,169
180526,5,80
180526,8,14
180526,9,173
180526,10,134
180526,11,43
180526,12,95
34325,3,18
34325,7,158
34325,8,193
34325,9,306
34325,11,3
34325,12,26
34325,93,1
34325,212,2
120889,3,167
120889,5,68
120889,8,44
120889,9,332
120889,11,61
120889,12,35
164920,5,1
164920,7,263
164920,8,126
164920,9,291
164920,11,2
164920,12,22
35571,5,36
35571,7,130
35571,8,238
35571,9,304
35571,11,1
120906,3,9
120906,5,63
120906,7,283
120906,8,6
120906,9,272
120906,11,20
120906,12,43
120906,53,2
120906,211,3
120906,212,6
164921,7,232
164921,8,107
164921,9,357
164921,11,6
164921,211,3
164921,212,1
35955,5,3
35955,7,279
35955,8,102
35955,9,323
161795,3,94
161795,5,234
161795,8,9
161795,9,363
161795,12,3
36604,7,169
36604,8,228
36604,9,310
118782,7,163
118782,8,222
118782,9,325
33697,7,216
33697,8,174
33697,9,315
177369,3,24
177369,5,97
177369,7,164
177369,8,147
177369,9,160
177369,10,1
177369,11,35
177369,12,82
119208,3,50
119208,5,17
119208,7,152
119208,8,74
119208,9,231
119208,11,30
119208,12,124
119208,83,1
119208,93,4
119208,211,11
119208,212,10
36927,7,295
36927,8,93
36927,9,303
36927,12,14
36927,212,5
161336,3,73
161336,5,13
161336,7,220
161336,8,128
161336,9,210
161336,11,2
161336,12,23
161336,35,1
161336,37,31
127218,5,357
127218,8,110
127218,9,242
36747,7,299
36747,8,93
36747,9,309
36747,12,2
36747,212,6
128861,5,572
128861,8,12
128861,9,126
161368,3,4
161368,5,24
161368,7,72
161368,8,198
161368,9,327
161368,11,27
161368,12,20
161368,83,7
161368,93,15
161368,211,10
161368,212,3
31807,3,10
31807,5,12
31807,7,266
31807,8,71
31807,9,340
31807,11,6
161360,3,6
161360,5,83
161360,7,38
161360,8,136
161360,9,367
161360,10,5
161360,11,36
161360,12,17
161360,83,7
161360,93,7
161360,211,5
161360,212,3
127130,5,326
127130,8,75
127130,9,303
31346,5,65
31346,7,155
31346,8,128
31346,9,327
31346,10,8
31346,11,10
31346,210,4
31346,211,13
119113,7,156
119113,8,126
119113,9,415
119113,12,4
119113,93,4
119113,212,2
164923,3,2
164923,5,62
164923,7,92
164923,8,174
164923,9,348
164923,11,7
164923,12,18
164923,211,4
164923,212,1
31253,5,26
31253,7,150
31253,8,129
31253,9,354
31253,11,12
31253,12,20
31253,211,11
31253,212,8
161327,3,62
161327,7,229
161327,8,113
161327,9,216
161327,11,31
161327,12,23
161327,37,32
119032,5,53
119032,7,127
119032,8,104
119032,9,424
127073,5,364
127073,8,81
127073,9,260
161422,7,250
161422,8,96
161422,9,347
161422,10,4
161422,11,6
161422,73,1
161422,210,2
161422,211,2
35635,3,10
35635,7,149
35635,8,215
35635,9,296
35635,11,5
35635,12,4
35635,53,4
35635,211,17
35635,212,7
161345,5,7
161345,7,189
161345,8,152
161345,9,314
161345,11,5
161345,12,37
117426,3,15
117426,5,8
117426,7,281
117426,8,75
117426,9,301
117426,10,6
117426,11,3
117426,12,7
117426,211,5
117426,212,6
37577,8,321
37577,9,304
37577,11,29
37577,12,43
37577,93,1
37577,211,8
37577,212,1
114382,7,227
114382,8,132
114382,9,344
114382,12,1
114382,212,5
177401,3,42
177401,5,24
177401,7,66
177401,8,260
177401,9,256
177401,10,38
177401,12,19
19030,5,15
19030,8,34
19030,9,577
19030,11,9
19030,12,59
19030,93,2
19030,212,12
164665,5,22
164665,7,286
164665,8,110
164665,9,289
118049,7,234
118049,8,54
118049,9,360
118049,11,4
118049,12,32
118049,93,7
118049,210,3
118049,211,2
118049,212,9
19110,3,15
19110,5,11
19110,8,24
19110,9,655
116098,3,2
116098,7,293
116098,8,55
116098,9,257
116098,10,1
116098,11,16
116098,12,61
116098,73,1
116098,93,7
116098,210,6
116098,211,5
116098,212,5
19070,3,37
19070,5,2
19070,8,20
19070,9,500
19070,12,148
164691,3,12
164691,5,16
164691,7,228
164691,8,138
164691,9,297
164691,11,9
164691,73,1
164691,211,4
42046,3,113
42046,7,181
42046,8,79
42046,9,214
42046,12,112
42046,58,1
42046,87,4
164699,7,150
164699,8,228
164699,9,303
164699,10,5
164699,11,6
164699,210,4
164699,211,8
110277,7,230
110277,8,139
110277,9,338
110277,211,1
39374,3,2
39374,5,286
39374,8,195
39374,9,203
39374,11,1
39374,12,17
39374,83,2
39374,211,2
164938,5,1
164938,7,223
164938,8,111
164938,9,374
114477,3,36
114477,5,8
114477,7,155
114477,8,53
114477,9,366
114477,11,22
114477,12,32
114477,93,2
114477,210,1
114477,211,10
114477,212,22
161351,7,184
161351,8,115
161351,9,409
74388,3,102
74388,5,26
74388,7,170
74388,8,116
74388,9,268
74388,12,14
74388,53,4
74388,211,2
128345,7,222
128345,8,139
128345,9,350
37456,3,1
37456,5,118
37456,7,116
37456,8,30
37456,9,404
37456,11,16
37456,12,3
37456,53,5
37456,211,7
37456,212,6
177471,3,34
177471,5,97
177471,7,89
177471,8,52
177471,9,380
177471,12,59
118266,7,166
118266,8,85
118266,9,360
118266,10,32
118266,11,25
118266,12,21
118266,93,3
118266,211,8
118266,212,3
37413,3,1
37413,5,134
37413,7,82
37413,8,80
37413,9,369
37413,11,12
37413,12,11
37413,211,6
37413,212,14
178525,3,23
178525,5,37
178525,7,73
178525,8,72
178525,9,452
178525,10,1
178525,12,49
127502,3,10
127502,7,213
127502,8,133
127502,9,303
127502,11,5
127502,12,45
164961,5,10
164961,7,267
164961,8,30
164961,9,400
37446,3,117
37446,5,327
37446,8,147
37446,9,103
37446,11,8
37446,211,1
114106,7,269
114106,8,105
114106,9,330
163971,7,202
163971,8,91
163971,9,406
163971,12,8
37455,5,182
37455,7,142
37455,8,40
37455,9,342
111277,7,235
111277,8,87
111277,9,385
111277,93,2
161354,7,123
161354,8,161
161354,9,423
111392,7,242
111392,8,151
111392,9,316
33404,5,11
33404,7,144
33404,8,225
33404,9,327
161353,5,4
161353,7,151
161353,8,329
161353,9,224
33447,5,8
33447,7,150
33447,8,222
33447,9,328
126075,7,122
126075,8,207
126075,9,372
126075,211,1
42026,3,40
42026,5,4
42026,8,52
42026,9,531
42026,11,13
42026,12,25
42026,53,5
42026,83,1
42026,93,3
42026,211,7
42026,212,24
177480,3,72
177480,5,350
177480,8,13
177480,9,105
177480,12,169
125952,7,120
125952,8,88
125952,9,498
125952,212,3
164667,3,15
164667,5,3
164667,7,248
164667,8,137
164667,9,287
164667,53,5
164667,73,3
164667,211,7
54447,3,275
54447,5,30
54447,8,20
54447,9,211
54447,11,67
54447,12,92
54447,93,4
54447,211,1
54447,212,8
126048,7,306
126048,8,131
126048,9,268
126048,12,1
32738,7,221
32738,8,138
32738,9,346
161337,8,208
161337,9,245
161337,12,26
128381,7,264
128381,8,64
128381,9,373
34712,3,56
34712,5,46
34712,7,103
34712,8,135
34712,9,299
34712,10,2
34712,11,15
34712,12,40
34712,211,13
161434,5,72
161434,7,185
161434,8,176
161434,9,255
161434,11,1
161434,12,6
161434,211,4
161434,212,6
112170,3,69
112170,5,3
112170,7,242
112170,8,87
112170,9,153
112170,10,9
112170,12,143
30801,3,38
30801,5,237
30801,8,67
30801,9,367
169854,3,63
169854,5,54
169854,7,142
169854,8,87
169854,9,118
169854,10,3
169854,11,20
169854,12,201
169854,93,3
169854,210,3
169854,211,5
169854,212,5
129717,7,161
129717,8,242
129717,9,309
169793,3,39
169793,5,46
169793,7,185
169793,9,148
169793,11,90
169793,12,181
169793,211,9
169793,212,6
128387,7,272
128387,8,91
128387,9,315
128387,12,15
128387,83,2
128387,93,2
128387,211,3
128387,212,9
76601,7,266
76601,8,112
76601,9,316
76601,12,10
169680,3,82
169680,7,207
169680,8,17
169680,9,142
169680,10,7
169680,11,52
169680,12,199
78491,3,64
78491,5,640
106984,5,8
106984,7,261
106984,8,108
106984,9,327
167481,3,82
167481,5,284
167481,8,41
167481,9,268
167481,11,32
73414,3,11
73414,5,220
73414,7,3
73414,8,85
73414,9,337
73414,11,36
73414,12,14
127421,7,229
127421,8,86
127421,9,340
127421,11,4
127421,12,28
127421,210,4
127421,211,3
127421,212,18
148296,3,29
148296,5,18
148296,7,186
148296,8,121
148296,9,319
148296,10,6
148296,53,19
148296,73,1
148296,210,8
78406,3,251
78406,5,345
78406,8,71
78406,11,39
78406,58,3
114109,7,184
114109,8,189
114109,9,334
72613,3,30
72613,5,9
72613,7,307
72613,8,69
72613,9,233
72613,10,2
72613,11,3
72613,12,38
72613,83,5
72613,93,4
72613,211,4
72613,212,7
159275,3,60
159275,5,125
159275,8,129
159275,9,250
159275,11,13
159275,12,59
159275,85,53
159275,211,14
159275,212,1
129634,3,22
129634,5,1
129634,7,276
129634,8,89
129634,9,240
129634,11,11
129634,12,57
129634,53,7
129634,73,2
129634,211,3
76276,7,30
76276,8,359
76276,9,296
76276,11,9
76276,211,7
163963,7,245
163963,8,121
163963,9,338
105682,3,7
105682,5,9
105682,8,328
105682,9,319
105682,11,39
74585,3,41
74585,5,4
74585,7,245
74585,8,64
74585,9,279
74585,11,2
74585,12,56
74585,53,2
74585,83,2
74585,93,4
74585,212,5
184218,7,273
184218,8,129
184218,9,302
128239,5,37
128239,7,202
128239,8,115
128239,9,279
128239,11,38
128239,12,29
128239,211,3
128239,212,6
74591,3,17
74591,7,189
74591,8,112
74591,9,368
74591,11,3
74591,12,4
74591,73,7
74591,93,2
74591,211,5
160130,3,1
160130,5,43
160130,7,150
160130,8,157
160130,9,349
160130,11,1
160130,211,2
125875,3,4
125875,5,16
125875,7,230
125875,8,136
125875,9,306
125875,11,1
125875,12,2
125875,83,2
125875,93,2
125875,211,7
125875,212,2
75346,7,240
75346,8,125
75346,9,344
161443,5,228
161443,8,88
161443,9,377
161443,12,4
161443,211,1
161443,212,6
126038,7,306
126038,8,126
126038,9,266
126038,12,5
80023,3,36
80023,5,370
80023,8,148
80023,9,136
80023,53,14
157587,3,275
157587,5,118
157587,8,20
157587,9,254
157587,11,19
157587,12,21
125851,7,238
125851,8,59
125851,9,370
125851,11,2
125851,12,17
125851,93,2
125851,210,1
125851,211,1
125851,212,14
77351,5,5
77351,7,225
77351,8,142
77351,9,317
77351,11,6
77351,83,2
77351,93,2
77351,211,3
77351,212,3
167769,3,281
167769,5,4
167769,8,20
167769,9,296
167769,11,38
167769,12,63
167769,211,3
167769,212,4
129734,7,250
129734,8,169
129734,9,289
66283,5,1
66283,7,237
66283,8,101
66283,9,369
168454,3,63
168454,5,106
168454,7,92
168454,8,52
168454,9,246
168454,10,12
168454,12,110
168454,93,2
168454,212,18
111709,3,42
111709,5,2
111709,7,241
111709,8,113
111709,9,298
111709,12,17
77353,7,157
77353,8,179
77353,9,365
77353,11,3
77353,12,1
77353,93,2
77353,211,2
141019,3,29
141019,7,231
141019,8,156
141019,9,264
141019,12,24
105687,8,314
105687,9,320
105687,11,53
105687,211,20
66285,3,5
66285,5,4
66285,7,210
66285,8,157
66285,9,266
66285,10,1
66285,11,24
66285,12,25
66285,211,4
66285,212,9
182907,3,35
182907,5,275
182907,7,46
182907,8,3
182907,9,288
182907,10,7
182907,12,38
182907,53,10
182907,210,7
128346,7,237
128346,8,96
128346,9,296
128346,11,23
128346,12,18
128346,83,11
128346,93,4
128346,211,9
128346,212,14
75837,3,9
75837,5,8
75837,7,243
75837,8,58
75837,9,259
75837,11,1
75837,12,84
75837,210,2
75837,211,4
75837,212,37
181928,5,180
181928,7,108
181928,8,36
181928,9,377
181928,10,2
123799,3,49
123799,5,326
123799,8,50
123799,9,217
123799,11,29
123799,12,37
73534,5,60
73534,8,384
73534,9,265
182952,3,59
182952,5,234
182952,7,16
182952,8,48
182952,9,287
182952,12,60
128367,7,233
128367,8,118
128367,9,321
128367,11,5
128367,12,8
128367,83,5
128367,93,4
128367,211,5
128367,212,6
78622,8,90
78622,9,239
78622,12,10
78622,85,364
182916,3,49
182916,5,276
182916,7,43
182916,9,280
182916,12,51
182916,53,2
123366,3,42
123366,7,170
123366,8,118
123366,9,347
123366,11,1
123366,12,26
75711,3,71
75711,7,232
75711,8,79
75711,9,143
75711,10,10
75711,11,5
75711,12,156
75711,211,2
75711,212,10
182039,5,120
182039,7,270
182039,8,130
182039,9,191
123374,7,186
123374,8,163
123374,9,340
123374,11,2
123374,12,6
123374,93,6
123374,211,2
123374,212,4
76698,3,47
76698,5,6
76698,7,199
76698,8,145
76698,9,159
76698,10,21
76698,11,26
76698,12,86
76698,211,2
76698,212,16
182057,3,83
182057,5,72
182057,7,269
182057,8,62
182057,9,178
182057,10,28
182057,11,7
182057,12,13
182057,73,1
119146,3,4
119146,7,180
119146,8,226
119146,9,297
75449,7,254
75449,8,75
75449,9,376
181217,3,12
181217,5,120
181217,7,97
181217,8,114
181217,9,236
181217,11,11
181217,12,118
124551,3,157
124551,5,118
124551,7,115
124551,8,55
124551,9,90
124551,10,5
124551,11,42
124551,12,113
124551,93,6
124551,212,4
73097,3,31
73097,5,62
73097,8,212
73097,9,269
73097,11,2
73097,87,134
182632,3,118
182632,5,65
182632,7,62
182632,8,29
182632,9,290
182632,10,25
182632,11,88
182632,12,28
124571,3,124
124571,5,138
124571,7,119
124571,8,60
124571,9,85
124571,10,5
124571,11,45
124571,12,123
124571,93,6
124571,212,4
65892,3,7
65892,7,145
65892,8,172
65892,9,319
65892,12,45
65892,93,3
65892,211,4
65892,212,14
124583,3,113
124583,5,145
124583,7,121
124583,8,62
124583,9,83
124583,10,4
124583,11,45
124583,12,124
124583,93,6
124583,212,4
182695,3,113
182695,5,180
182695,8,6
182695,9,282
182695,10,13
182695,11,49
182695,12,66
73485,7,176
73485,8,117
73485,9,396
73485,12,18
182703,3,109
182703,5,110
182703,7,66
182703,8,20
182703,9,220
182703,10,19
182703,11,33
182703,12,127
110032,3,130
110032,5,246
110032,9,138
110032,11,16
110032,12,178
75079,3,32
75079,7,306
75079,8,61
75079,9,275
75079,11,3
75079,12,30
182687,3,87
182687,5,195
182687,8,13
182687,9,310
182687,11,45
182687,12,53
182687,125,4
110051,3,183
110051,5,181
110051,7,67
110051,9,43
110051,11,10
110051,12,223
78245,3,11
78245,5,10
78245,7,358
78245,8,45
78245,9,187
78245,11,11
78245,12,49
78245,93,13
78245,210,3
78245,211,10
78245,212,8
181902,3,1
181902,5,262
181902,7,156
181902,8,53
181902,9,237
84009,3,49
84009,5,655
84009,11,4
72648,3,21
72648,5,138
72648,8,268
72648,9,223
72648,11,17
72648,12,10
72648,53,11
72648,83,7
72648,93,1
72648,211,7
72648,212,3
181912,3,38
181912,5,224
181912,7,77
181912,8,112
181912,9,254
181912,11,2
110023,3,157
110023,5,206
110023,8,5
110023,9,215
110023,11,5
110023,12,117
76068,5,21
76068,7,70
76068,8,190
76068,9,333
76068,11,37
76068,12,33
76068,83,3
76068,211,4
76068,212,16
176659,3,149
176659,5,162
176659,7,66
176659,8,54
176659,9,155
176659,12,121
84783,3,105
84783,5,445
84783,9,140
84783,11,7
84783,12,8
75138,3,35
75138,5,18
75138,7,102
75138,8,120
75138,9,187
75138,11,47
75138,12,176
75138,83,4
75138,93,4
75138,211,6
75138,212,11
181885,5,51
181885,7,169
181885,8,162
181885,9,327
84004,5,709
77377,7,175
77377,8,133
77377,9,399
181996,3,157
181996,5,12
181996,7,51
181996,9,166
181996,10,36
181996,11,52
181996,12,232
84026,3,34
84026,5,672
79955,3,195
79955,5,450
79955,8,32
79955,11,32
167349,3,316
167349,5,118
167349,7,39
167349,9,36
167349,11,17
167349,12,182
84043,5,709
73030,3,42
73030,5,6
73030,7,217
73030,8,95
73030,9,245
73030,11,19
73030,12,65
73030,53,6
73030,93,1
73030,211,2
73030,212,7
166457,3,356
166457,5,120
166457,8,5
166457,9,117
166457,12,107
84055,5,703
78153,3,1
78153,5,22
78153,7,5
78153,8,352
78153,9,271
78153,11,26
78153,12,18
78153,211,5
78153,212,5
124821,3,26
124821,5,99
124821,8,32
124821,9,461
124821,11,25
124821,12,30
124821,53,6
124821,83,4
124821,93,6
124821,211,7
124821,212,9
166470,3,431
166470,5,70
166470,8,4
166470,9,62
166470,12,141
76573,3,36
76573,5,5
76573,7,171
76573,8,96
76573,9,356
76573,12,45
165705,3,364
165705,5,30
165705,9,153
165705,10,81
165705,12,81
109984,3,343
109984,5,144
109984,8,9
109984,9,108
109984,11,16
109984,12,64
109984,53,12
109984,212,13
75335,3,45
75335,5,24
75335,7,266
75335,8,35
75335,9,163
75335,10,20
75335,11,9
75335,12,146
165709,3,392
165709,5,13
165709,9,135
165709,10,66
165709,11,4
165709,12,99
83982,5,707
75172,7,224
75172,8,143
75172,9,282
75172,11,4
75172,12,33
75172,211,6
75172,212,15
178151,5,115
178151,8,327
178151,9,269
84019,5,706
75966,3,156
75966,5,10
75966,7,163
75966,8,50
75966,9,262
75966,12,49
75966,93,2
75966,211,2
75966,212,7
181511,3,262
181511,5,116
181511,9,150
181511,11,9
181511,12,162
181511,117,8
124622,7,166
124622,8,116
124622,9,424
74840,3,10
74840,5,32
74840,7,195
74840,8,137
74840,9,266
74840,12,66
181502,3,241
181502,5,150
181502,9,202
181502,12,109
181502,212,6
110083,3,102
110083,5,259
110083,8,21
110083,9,155
110083,11,31
110083,12,133
110083,53,1
63814,3,5
63814,7,320
63814,8,72
63814,9,272
63814,11,7
63814,12,26
63814,93,2
63814,211,4
63814,212,2
181477,3,114
181477,5,134
181477,8,103
181477,9,176
181477,11,54
181477,12,125
111509,3,118
111509,5,260
111509,8,26
111509,9,174
111509,11,14
111509,12,117
62476,3,3
62476,5,19
62476,7,194
62476,8,35
62476,9,333
62476,10,8
62476,11,1
62476,12,71
62476,73,8
62476,210,9
62476,211,1
62476,212,24
181525,3,117
181525,5,284
181525,9,34
181525,10,7
181525,11,59
181525,12,199
181525,53,3
181525,83,2
181525,93,2
84774,3,203
84774,5,502
72716,3,17
72716,5,25
72716,7,215
72716,8,50
72716,9,259
72716,11,11
72716,12,62
72716,53,1
72716,93,21
72716,210,10
72716,211,10
72716,212,24
166410,3,92
166410,5,176
166410,8,19
166410,9,340
166410,11,1
166410,12,61
166410,53,14
166410,211,2
166410,212,2
124692,5,142
124692,8,64
124692,9,503
77982,3,21
77982,5,86
77982,7,149
77982,8,75
77982,9,305
77982,11,9
77982,12,34
77982,83,8
77982,93,2
77982,211,11
77982,212,6
166416,3,74
166416,5,183
166416,7,1
166416,8,33
166416,9,403
166416,10,7
166416,12,7
124721,3,9
124721,5,36
124721,8,191
124721,9,448
124721,11,4
124721,12,19
81531,3,467
81531,5,195
81531,12,29
81531,53,12
166421,3,76
166421,5,185
166421,7,1
166421,8,37
166421,9,380
166421,10,17
166421,12,7
124745,3,33
124745,5,140
124745,8,50
124745,9,398
124745,12,49
124745,53,17
124745,211,3
124745,212,19
83915,3,24
83915,5,681
83915,9,3
166443,3,361
166443,5,119
166443,8,33
166443,9,172
166443,11,3
166443,12,25
108861,3,37
108861,5,144
108861,8,17
108861,9,400
108861,11,49
108861,12,51
108861,211,2
108861,212,7
18994,3,13
18994,5,45
18994,8,1
18994,9,289
18994,11,12
18994,12,347
166434,3,179
166434,5,115
166434,8,49
166434,9,301
166434,11,10
166434,12,54
122364,3,33
122364,5,12
122364,8,22
122364,9,618
122364,11,8
122364,12,14
35570,3,9
35570,7,146
35570,8,213
35570,9,311
35570,11,5
35570,12,4
35570,53,3
35570,211,13
35570,212,6
167412,3,333
167412,5,220
167412,9,144
167412,12,11
167412,53,2
122462,3,2
122462,5,13
122462,8,22
122462,9,647
122462,11,25
122462,12,3
122462,211,1
34874,3,65
34874,5,10
34874,7,213
34874,8,49
34874,9,269
34874,10,9
34874,11,7
34874,12,86
168801,3,274
168801,5,419
168801,53,15
84781,3,105
84781,5,313
84781,9,272
84781,12,19
38682,7,196
38682,8,102
38682,9,395
38682,11,5
38682,12,2
38682,211,4
38682,212,5
182493,3,422
182493,5,58
182493,12,223
111567,3,182
111567,5,152
111567,7,33
111567,8,7
111567,9,144
111567,11,40
111567,12,137
111567,83,8
111567,211,1
38723,7,204
38723,8,155
38723,9,329
38723,11,5
38723,12,2
38723,211,4
38723,212,5
172190,3,22
172190,5,109
172190,7,166
172190,8,169
172190,9,213
172190,12,28
111617,3,48
111617,5,243
111617,7,45
111617,8,61
111617,9,286
111617,53,9
111617,211,6
111617,212,1
172344,5,16
172344,7,201
172344,8,216
172344,9,218
172344,11,5
172344,12,27
172344,53,3
172344,211,4
172344,212,15
48274,3,286
48274,5,119
48274,9,143
48274,12,154
48274,53,4
48274,93,4
111648,3,64
111648,5,206
111648,7,61
111648,8,53
111648,9,286
111648,11,29
111648,53,3
111648,211,6
111648,212,1
172177,3,3
172177,5,128
172177,7,170
172177,8,164
172177,9,204
172177,12,22
172177,211,3
172177,212,8
111657,3,76
111657,5,210
111657,7,42
111657,8,65
111657,9,281
111657,11,30
111657,12,4
52573,3,273
52573,5,33
52573,7,8
52573,8,6
52573,9,226
52573,10,13
52573,11,31
52573,12,118
149598,3,3
149598,5,4
149598,7,250
149598,8,106
149598,9,268
149598,11,40
149598,12,38
124639,3,24
124639,5,210
124639,8,61
124639,9,393
124639,12,17
27288,3,455
27288,5,61
27288,8,5
27288,9,123
27288,11,4
27288,12,60
153859,3,1
153859,5,28
153859,7,291
153859,8,97
153859,9,288
153859,211,1
153859,212,2
48458,3,327
48458,5,129
48458,7,1
48458,9,24
48458,12,228
90187,3,122
90187,5,165
90187,8,2
90187,9,337
90187,12,55
90187,53,9
90187,93,11
90187,211,3
171901,3,11
171901,5,103
171901,7,180
171901,8,137
171901,9,225
171901,11,25
171901,12,16
171901,211,5
171901,212,3
26475,3,137
26475,5,62
26475,8,36
26475,9,130
26475,10,34
26475,11,73
26475,12,193
26475,53,14
26475,93,1
26475,211,18
26475,212,6
90248,3,253
90248,5,100
90248,8,6
90248,9,288
90248,12,60
154376,5,16
154376,7,286
154376,8,148
154376,9,201
154376,11,5
154376,12,27
154376,53,3
154376,211,4
154376,212,15
50533,3,185
50533,5,124
50533,8,42
50533,9,59
50533,11,79
50533,12,214
90257,3,233
90257,5,73
90257,8,2
90257,9,314
90257,12,79
51331,3,196
51331,5,203
51331,7,1
51331,8,17
51331,9,111
51331,11,43
51331,12,138
110676,5,27
110676,7,173
110676,8,81
110676,9,425
171343,3,34
171343,5,313
171343,7,7
171343,8,10
171343,9,237
171343,10,47
171343,11,47
171343,12,1
171343,83,2
171343,211,9
171343,212,2
35369,5,41
35369,7,191
35369,8,146
35369,9,228
35369,11,7
35369,12,62
35369,211,9
35369,212,20
147682,3,140
147682,5,208
147682,8,10
147682,9,210
147682,12,135
97999,3,431
97999,5,63
97999,12,213
32792,3,201
32792,5,9
32792,7,20
32792,8,27
32792,9,318
32792,10,46
32792,11,2
32792,12,79
96671,3,241
96671,5,96
96671,7,10
96671,8,14
96671,9,7
96671,10,81
96671,11,51
96671,12,208
178550,7,113
178550,8,167
178550,9,424
42624,8,453
42624,9,254
114892,3,19
114892,7,198
114892,8,147
114892,9,314
114892,11,9
114892,12,17
114892,211,1
164007,7,172
164007,8,97
164007,9,435
44500,3,18
44500,5,9
44500,7,231
44500,8,125
44500,9,249
44500,12,70
113030,5,214
113030,8,147
113030,9,334
113030,12,13
178564,3,35
178564,5,145
178564,7,45
178564,9,438
178564,11,33
178564,12,11
41799,3,541
41799,5,22
41799,7,104
41799,10,7
41799,11,33
134145,7,308
134145,8,71
134145,9,316
134145,12,4
134145,93,6
134145,212,4
173018,3,269
173018,5,130
173018,8,12
173018,9,239
173018,10,1
173018,11,18
173018,12,33
69073,3,15
69073,5,23
69073,7,205
69073,8,74
69073,9,315
69073,11,19
69073,12,39
69073,211,9
69073,212,1
147253,3,268
147253,5,196
147253,8,27
147253,9,113
147253,11,2
147253,12,97
113051,3,2
113051,5,4
113051,7,288
113051,8,80
113051,9,320
113051,10,10
70305,3,10
70305,5,105
70305,8,87
70305,9,447
70305,11,11
70305,12,23
70305,53,5
70305,58,5
70305,211,3
70305,212,10
115053,5,67
115053,8,201
115053,9,247
115053,11,1
115053,58,57
115053,85,94
115053,98,33
115053,211,1
115053,212,1
148985,3,69
148985,5,271
148985,8,44
148985,9,170
148985,11,33
148985,12,118
70154,3,139
70154,5,43
70154,8,14
70154,9,463
70154,11,11
70154,12,21
70154,211,9
70154,212,7
113521,5,10
113521,7,202
113521,8,141
113521,9,298
113521,11,19
113521,12,16
113521,83,8
113521,93,2
113521,211,5
113521,212,7
180456,3,133
180456,5,130
180456,7,178
180456,8,9
180456,9,3
180456,10,1
180456,11,33
180456,12,222
44980,3,59
44980,5,21
44980,7,252
44980,8,63
44980,9,198
44980,10,6
44980,12,100
44980,212,6
113209,3,1
113209,5,122
113209,8,212
113209,9,335
113209,57,12
113209,87,22
179208,3,254
179208,5,115
179208,7,9
179208,8,26
179208,9,197
179208,10,27
179208,11,6
179208,12,58
179208,53,8
179208,211,1
44137,3,2
44137,5,54
44137,7,195
44137,8,96
44137,9,274
44137,11,8
44137,12,69
44137,211,4
44137,212,3
94275,3,542
94275,5,147
94275,8,3
94275,9,3
94275,12,10
147910,3,358
147910,5,72
147910,7,9
147910,8,14
147910,9,152
147910,10,51
147910,11,51
147910,12,1
44275,3,21
44275,5,46
44275,7,178
44275,8,106
44275,9,291
44275,12,60
44275,212,1
94308,3,153
94308,5,184
94308,8,49
94308,9,182
94308,11,42
94308,12,100
172542,3,243
172542,5,180
172542,7,5
172542,8,32
172542,9,84
172542,10,2
172542,11,28
172542,12,136
48046,3,236
48046,5,180
48046,7,75
48046,8,9
48046,9,88
48046,10,5
48046,11,8
48046,12,106
104949,3,404
104949,5,236
104949,9,48
104949,12,20
147960,3,342
147960,5,52
147960,7,20
147960,10,52
147960,11,18
147960,12,226
113152,3,34
113152,5,70
113152,7,200
113152,8,112
113152,9,267
113152,10,2
113152,11,7
113152,12,17
48382,3,369
48382,5,71
48382,8,7
48382,9,63
48382,11,18
48382,12,180
144018,3,188
144018,5,143
144018,8,53
144018,9,109
144018,11,13
144018,12,203
178452,3,245
178452,5,75
178452,7,99
178452,8,6
178452,9,24
178452,10,60
178452,11,15
178452,12,181
49023,3,325
49023,5,36
49023,9,171
49023,11,3
49023,12,173
116714,3,8
116714,5,22
116714,7,161
116714,8,197
116714,9,294
116714,11,8
116714,210,3
116714,211,9
49266,5,129
49266,8,32
49266,9,474
49266,12,23
49266,58,50
178448,3,198
178448,5,174
178448,8,40
178448,9,199
178448,12,35
178448,53,5
178448,125,55
178448,211,1
113100,5,9
113100,7,189
113100,8,152
113100,9,355
145633,3,123
145633,5,4
145633,8,11
145633,9,307
145633,11,20
145633,12,242
49754,3,14
49754,5,124
49754,8,40
49754,9,384
49754,58,142
115014,3,8
115014,7,218
115014,8,99
115014,9,334
115014,10,31
115014,12,23
118975,5,27
118975,7,170
118975,8,231
118975,9,243
118975,11,9
118975,12,19
118975,211,8
118975,212,2
145653,3,116
145653,5,37
145653,8,1
145653,9,374
145653,11,8
145653,12,173
2,169
69153,53,1
69153,83,1
69153,93,8
69153,211,2
69153,212,13
148119,3,258
148119,5,79
148119,7,20
148119,8,41
148119,9,145
148119,10,13
148119,11,89
148119,12,62
37853,8,275
37853,85,434
118985,5,27
118985,7,93
118985,8,197
118985,9,328
118985,11,9
118985,12,30
118985,211,8
118985,212,13
178493,3,342
178493,5,90
178493,7,8
178493,8,33
178493,9,129
178493,11,44
178493,12,61
70889,7,297
70889,8,17
70889,9,391
70889,12,2
125221,3,51
125221,5,173
125221,7,50
125221,8,48
125221,9,358
125221,11,15
125221,12,3
125221,53,2
125221,83,2
125221,210,1
125221,211,6
180388,3,119
180388,5,73
180388,7,114
180388,9,251
180388,10,15
180388,11,24
180388,12,108
32837,3,160
32837,5,13
32837,7,29
32837,8,50
32837,9,332
32837,10,2
32837,11,70
32837,12,53
125313,5,65
125313,7,146
125313,8,198
125313,9,301
180660,5,21
180660,7,48
180660,8,227
180660,9,401
180660,11,6
180660,12,5
25663,3,96
25663,5,153
25663,7,53
25663,9,109
25663,10,3
25663,11,16
25663,12,245
25663,53,21
25663,93,3
25663,210,2
25663,211,3
25663,212,3
125325,8,393
125325,9,300
125325,11,5
125325,12,6
125325,83,4
125325,211,1
125325,212,4
146774,3,7
146774,5,274
146774,7,62
146774,8,58
146774,9,300
146774,53,6
146774,83,2
127602,3,11
127602,5,7
127602,7,174
127602,8,36
127602,9,355
127602,10,2
127602,11,29
127602,12,90
25703,3,34
25703,5,96
25703,7,240
25703,8,18
25703,9,284
25703,12,33
146785,3,195
146785,5,138
146785,7,22
146785,8,41
146785,9,71
146785,11,59
146785,12,173
146785,53,5
146785,210,4
146785,211,1
127539,7,244
127539,8,125
127539,9,336
25665,3,94
25665,5,148
25665,7,134
25665,8,69
25665,9,5
25665,12,259
152061,3,185
152061,5,148
152061,7,87
152061,8,15
152061,9,159
152061,12,113
25936,3,36
25936,5,87
25936,7,108
25936,8,13
25936,9,374
25936,10,12
25936,11,46
25936,12,30
123504,3,27
123504,5,55
123504,7,180
123504,8,84
123504,9,272
123504,10,17
123504,11,11
123504,12,45
123504,53,5
123504,93,6
123504,210,5
123504,211,1
123504,212,2
172075,3,312
172075,5,99
172075,7,9
172075,8,8
172075,9,130
172075,10,26
172075,11,6
172075,12,113
172075,93,2
172075,211,1
172075,212,3
27758,5,15
27758,7,191
27758,8,170
27758,9,296
27758,11,18
27758,12,18
117534,3,27
117534,5,28
117534,7,197
117534,8,88
117534,9,281
117534,11,2
117534,12,42
117534,210,5
117534,211,12
117534,212,29
150263,3,66
150263,5,43
150263,7,150
150263,8,100
150263,9,289
150263,12,60
131664,3,200
131664,5,208
131664,8,72
131664,9,6
131664,11,106
131664,12,114
25860,5,34
25860,7,153
25860,8,188
25860,9,331
152037,3,75
152037,5,182
152037,7,100
152037,8,79
152037,9,246
152037,11,5
152037,12,15
152037,53,1
152037,211,5
90101,3,121
90101,5,257
90101,8,3
90101,9,266
90101,12,61
25929,3,22
25929,5,35
25929,7,150
25929,8,150
25929,9,331
25929,11,2
25929,12,14
152028,3,344
152028,5,33
152028,7,66
152028,9,14
152028,10,3
152028,12,246
90109,3,105
90109,5,276
90109,8,5
90109,9,271
90109,12,51
25952,5,29
25952,7,178
25952,8,142
25952,9,356
152057,3,192
152057,5,128
152057,7,104
152057,8,21
152057,9,138
152057,10,33
152057,12,91
91633,3,114
91633,5,429
91633,8,35
91633,9,131
83356,3,109
83356,5,460
83356,8,61
83356,9,30
83356,10,17
83356,11,3
83356,53,11
83356,210,3
83356,211,9
150174,3,84
150174,5,50
150174,7,124
150174,8,90
150174,9,203
150174,10,9
150174,11,24
150174,12,63
150174,53,8
150174,73,16
150174,93,11
150174,210,4
150174,211,7
150174,212,16
99168,3,113
99168,5,397
99168,9,181
99168,12,19
25374,3,127
25374,5,181
25374,7,60
25374,9,109
25374,10,5
25374,11,2
25374,12,191
25374,53,21
25374,93,3
25374,210,2
25374,211,3
25374,212,3
152029,3,229
152029,5,84
152029,7,81
152029,8,4
152029,9,119
152029,11,3
152029,12,185
101718,3,172
101718,5,528
101718,9,1
101718,12,2
31231,3,43
31231,5,41
31231,7,244
31231,8,41
31231,9,224
31231,11,3
31231,12,106
31231,53,2
31231,210,1
31231,211,5
171484,3,26
171484,5,204
171484,7,7
171484,8,148
171484,9,274
171484,11,4
171484,12,33
171484,53,4
171484,125,4
99152,5,621
99152,8,50
99152,9,38
34677,7,261
34677,8,121
34677,9,306
34677,12,6
34677,93,3
34677,211,2
34677,212,5
172002,5,310
172002,7,1
172002,8,136
172002,9,258
90121,3,15
90121,5,185
90121,8,33
90121,9,402
90121,12,72
40693,5,25
40693,8,200
40693,9,483
146721,5,344
146721,7,67
146721,8,67
146721,9,203
146721,11,8
146721,12,4
146721,93,1
146721,211,5
146721,212,3
54500,3,118
54500,5,61
54500,7,106
54500,8,78
54500,9,89
54500,10,3
54500,11,2
54500,12,249
99138,5,446
99138,8,33
99138,9,226
146652,5,356
146652,7,12
146652,8,78
146652,9,222
146652,10,31
146652,12,3
90223,3,30
90223,5,223
90223,8,27
90223,9,414
90223,12,12
30713,7,321
30713,8,51
30713,9,324
30713,12,4
30713,212,5
146750,3,48
146750,5,162
146750,7,54
146750,8,99
146750,9,278
146750,11,28
146750,12,31
146750,211,2
146750,212,9
91651,3,1
91651,5,415
91651,8,77
91651,9,169
91651,12,46
72581,3,12
72581,7,40
72581,8,332
72581,9,250
72581,10,1
72581,11,14
72581,12,34
72581,93,2
72581,211,6
72581,212,14
143799,5,408
143799,8,138
143799,9,164
101709,3,112
101709,5,442
101709,7,2
101709,10,147
73369,7,288
73369,8,62
73369,9,352
143821,5,420
143821,8,136
143821,9,144
90095,3,50
90095,5,244
90095,8,15
90095,9,376
90095,12,16
90095,53,7
74192,5,16
74192,7,172
74192,8,138
74192,9,331
74192,10,2
74192,11,16
74192,12,30
143858,5,379
143858,8,125
143858,9,202
105769,3,64
105769,5,33
105769,7,282
105769,8,19
105769,9,226
105769,11,3
105769,12,73
61171,9,270
61171,38,260
61171,58,102
61171,95,1
61171,98,21
61171,118,20
61171,125,27
61171,128,6
155749,3,116
155749,5,19
155749,7,1
155749,8,202
155749,9,64
155749,11,95
155749,12,211
110438,5,5
110438,7,281
110438,8,62
110438,9,350
110438,10,1
110438,12,4
110438,210,2
110438,212,5
74745,3,62
74745,5,84
74745,7,58
74745,8,367
74745,9,35
74745,10,12
74745,11,47
74745,12,26
74745,211,7
74745,212,6
154882,3,25
154882,5,79
154882,7,211
154882,8,62
154882,9,216
154882,11,5
154882,12,70
154882,53,8
154882,93,2
154882,211,9
154882,212,22
118222,3,15
118222,7,259
118222,8,109
118222,9,263
118222,12,19
118222,53,2
118222,83,12
118222,93,20
118222,211,4
118222,212,4
60459,3,18
60459,5,4
60459,7,25
60459,8,123
60459,9,467
60459,11,31
60459,12,34
60459,93,8
60459,212,2
154905,3,71
154905,5,2
154905,7,211
154905,8,95
154905,9,138
154905,10,2
154905,11,21
154905,12,167
129323,7,134
129323,8,104
129323,9,469
73382,3,239
73382,5,458
73382,53,9
154911,3,71
154911,7,191
154911,8,100
154911,9,131
154911,10,14
154911,11,21
154911,12,181
111969,7,210
111969,8,129
111969,9,366
77145,3,249
77145,5,117
77145,8,125
77145,9,170
77145,11,28
77145,12,4
77145,53,2
77145,93,1
77145,211,5
77145,212,3
155086,3,31
155086,5,17
155086,7,204
155086,8,27
155086,9,285
155086,11,13
155086,12,115
155086,210,3
155086,211,6
155086,212,2
114134,7,246
114134,8,78
114134,9,364
114134,11,7
114134,83,4
114134,211,2
114134,212,3
74674,3,80
74674,5,8
74674,7,290
74674,8,17
74674,9,215
74674,12,86
74674,53,1
74674,93,2
74674,212,10
181086,3,301
181086,5,139
181086,7,3
181086,8,4
181086,9,195
181086,10,12
181086,12,44
181086,53,1
181086,83,1
181086,212,4
118126,7,112
118126,8,102
118126,9,470
118126,11,1
118126,12,10
118126,83,4
118126,211,5
118126,212,3
76192,8,387
76192,9,317
181703,3,104
181703,5,145
181703,8,73
181703,9,260
181703,11,14
181703,12,66
181703,53,31
181703,83,5
181703,211,11
131272,7,300
131272,8,118
131272,9,291
76237,8,409
76237,9,298
182300,3,124
182300,5,300
182300,8,21
182300,9,253
182300,11,2
182300,53,8
182300,212,2
128152,3,116
128152,5,148
128152,8,30
128152,9,407
128152,11,5
58797,7,329
58797,8,158
58797,9,222
180045,3,116
180045,5,260
180045,8,22
180045,9,230
180045,11,47
180045,12,13
180045,53,16
114107,7,165
114107,8,103
114107,9,433
114107,11,1
114107,12,3
114107,212,3
77798,3,34
77798,5,14
77798,7,177
77798,8,32
77798,9,191
77798,10,6
77798,11,26
77798,12,224
77798,211,1
77798,212,2
180896,3,356
180896,5,33
180896,8,17
180896,11,48
180896,12,250
28175,211,1
128175,212,7
72733,5,97
72733,7,42
72733,8,295
72733,9,273
72733,212,3
125774,7,233
125774,8,61
125774,9,410
125774,93,1
125774,212,4
178988,3,418
178988,5,17
178988,8,44
178988,9,152
178988,10,1
178988,11,17
178988,12,59
76432,7,206
76432,8,148
76432,9,352
181523,3,263
181523,5,182
181523,9,77
181523,11,16
181523,12,162
129625,7,268
129625,8,161
129625,9,277
77333,7,291
77333,8,120
77333,9,294
181601,3,3
181601,5,272
181601,7,1
181601,8,124
181601,9,299
181601,12,6
105877,3,5
105877,5,4
105877,7,221
105877,8,116
105877,9,332
105877,11,18
105877,12,16
76533,3,5
76533,7,198
76533,8,31
76533,9,372
76533,10,1
76533,11,27
76533,12,60
76533,93,3
76533,210,2
76533,211,5
76533,212,5
114306,7,155
114306,8,143
114306,9,411
182392,3,458
182392,11,1
182392,12,247
78662,7,278
78662,8,122
78662,9,292
78662,12,12
114440,3,10
114440,7,164
114440,8,43
114440,9,382
114440,10,19
114440,11,4
114440,12,87
181454,3,275
181454,5,83
181454,7,37
181454,9,79
181454,10,19
181454,11,48
181454,12,168
73308,3,36
73308,5,18
73308,7,138
73308,8,29
73308,9,338
73308,10,2
73308,11,111
73308,12,10
73308,53,3
73308,73,4
73308,83,4
73308,93,3
73308,210,2
73308,211,7
118019,3,198
118019,7,37
118019,8,74
118019,9,331
118019,10,38
118019,11,31
160173,3,104
160173,5,157
160173,8,32
160173,9,190
160173,11,7
160173,12,215
75040,3,6
75040,5,2
75040,7,280
75040,8,65
75040,9,345
75040,12,2
75040,211,1
75040,212,4
184161,3,3
184161,5,1
184161,7,176
184161,8,90
184161,9,393
184161,10,9
184161,11,1
184161,12,13
184161,53,1
184161,93,3
184161,210,9
184161,211,3
184161,212,6
125815,7,246
125815,8,131
125815,9,323
125815,212,2
65648,3,28
65648,7,228
65648,8,143
65648,9,284
65648,11,2
65648,12,8
65648,93,4
65648,210,5
65648,211,2
65648,212,5
169840,3,45
169840,5,141
169840,8,102
169840,9,375
169840,11,33
169840,12,11
128271,7,145
128271,8,151
128271,9,360
128271,12,53
75402,7,266
75402,8,118
75402,9,317
159300,3,215
159300,5,79
159300,9,287
159300,11,18
159300,12,106
125889,7,222
125889,8,62
125889,9,419
78091,3,42
78091,5,58
78091,7,177
78091,8,85
78091,9,288
78091,11,7
78091,12,52
110285,7,190
110285,8,120
110285,9,395
159291,3,5
159291,5,24
159291,7,241
159291,8,145
159291,9,293
159291,10,3
159291,11,1
74606,7,212
74606,8,95
74606,9,370
74606,11,1
74606,12,17
74606,211,1
74606,212,13
107029,7,177
107029,8,145
107029,9,387
164030,3,3
164030,5,145
164030,7,89
164030,8,141
164030,9,332
78657,5,18
78657,7,14
78657,8,312
78657,9,363
128333,3,30
128333,5,2
128333,7,237
128333,8,95
128333,9,256
128333,11,27
128333,12,58
147701,3,133
147701,5,185
147701,7,48
147701,8,74
147701,9,198
147701,12,67
75924,3,7
75924,7,259
75924,8,54
75924,9,240
75924,11,5
75924,12,88
75924,93,7
75924,211,4
75924,212,37
147724,3,26
147724,5,394
147724,7,16
147724,8,30
147724,9,186
147724,12,53
128206,5,3
128206,7,327
128206,8,74
128206,9,279
128206,12,14
128206,211,3
128206,212,8
75884,7,306
75884,8,111
75884,9,245
75884,12,42
75884,212,6
125912,7,216
125912,8,87
125912,9,410
147729,3,30
147729,5,370
147729,7,25
147729,8,27
147729,9,205
147729,11,13
147729,12,31
147729,53,1
147729,212,5
61954,3,10
61954,7,216
61954,8,96
61954,9,309
61954,11,9
61954,12,31
61954,53,1
61954,83,1
61954,210,3
61954,211,10
61954,212,20
128355,7,217
128355,8,142
128355,9,348
148884,3,131
148884,5,232
148884,7,17
148884,9,202
148884,10,14
148884,12,112
37520,5,481
37520,8,116
37520,9,16
37520,11,30
37520,12,30
37520,53,3
37520,93,2
37520,211,21
37520,212,7
130840,3,54
130840,5,85
130840,7,180
130840,8,46
130840,9,180
130840,10,9
130840,11,53
130840,12,98
145385,3,32
145385,5,184
145385,7,41
145385,8,99
145385,9,331
145385,11,3
145385,53,12
145385,210,1
145385,211,5
37608,5,422
37608,8,55
37608,9,114
37608,11,35
37608,12,38
37608,53,3
37608,93,6
37608,211,23
37608,212,13
132455,7,117
132455,8,171
132455,9,417
145445,3,146
145445,5,101
145445,8,100
145445,9,328
145445,10,7
145445,11,18
145445,12,7
37652,5,351
37652,8,137
37652,9,97
37652,11,35
37652,12,40
37652,53,3
37652,93,6
37652,211,24
37652,212,12
108989,3,39
108989,5,74
108989,8,195
108989,9,318
108989,11,36
108989,12,31
108989,53,4
108989,211,7
108989,212,1
148800,3,146
148800,5,241
148800,8,14
148800,9,201
148800,11,18
148800,12,90
36354,3,164
36354,5,145
36354,8,256
36354,9,77
36354,11,62
111550,3,211
111550,5,34
111550,8,10
111550,9,243
111550,11,18
111550,12,188
148754,3,105
148754,5,87
148754,8,29
148754,9,367
148754,11,15
148754,12,95
148754,53,3
148754,211,1
148754,212,6
36912,3,13
36912,5,1
36912,7,192
36912,8,64
36912,9,390
36912,11,9
36912,12,31
36912,93,2
36912,211,5
122359,3,101
122359,5,256
122359,8,24
122359,9,311
122359,11,6
122359,53,8
122359,211,2
145503,3,286
145503,5,30
145503,8,5
145503,9,247
145503,11,2
145503,12,138
31497,3,5
31497,5,7
31497,7,170
31497,8,75
31497,9,415
31497,11,6
31497,12,7
31497,211,11
31497,212,9
124698,3,42
124698,5,95
124698,7,16
124698,8,42
124698,9,468
124698,12,35
124698,53,2
124698,211,4
124698,212,4
148745,3,75
148745,5,101
148745,8,58
148745,9,395
148745,12,65
148745,53,3
148745,83,2
148745,211,1
148745,212,8
35655,3,13
35655,7,269
35655,8,120
35655,9,254
35655,11,6
35655,12,21
35655,83,2
35655,210,5
35655,211,5
35655,212,14
124682,5,11
124682,7,151
124682,8,169
124682,9,366
124682,12,12
43839,12,37
143839,53,12
143839,212,10
30277,3,19
30277,5,8
30277,7,175
30277,8,119
30277,9,325
30277,11,20
30277,12,43
143852,3,45
143852,5,259
143852,8,82
143852,9,293
143852,12,17
143852,53,6
143852,212,11
111513,3,161
111513,5,217
111513,7,32
111513,8,1
111513,9,173
111513,12,99
111513,53,9
111513,93,5
111513,211,5
111513,212,3
30822,3,33
30822,5,46
30822,7,118
30822,8,78
30822,9,380
30822,11,6
30822,12,27
30822,211,5
30822,212,12
84031,3,333
84031,5,372
143873,3,72
143873,5,227
143873,8,70
143873,9,279
143873,12,24
143873,53,22
143873,93,4
143873,212,13
38003,3,97
38003,5,9
38003,7,190
38003,8,147
38003,9,161
38003,11,59
38003,12,44
166106,7,170
166106,8,137
166106,9,397
108928,3,79
108928,5,199
108928,9,309
108928,11,11
108928,12,108
37660,3,13
37660,5,10
37660,7,205
37660,8,117
37660,9,264
37660,11,7
37660,12,72
37660,83,6
37660,211,2
37660,212,5
177488,3,70
177488,5,183
177488,7,121
177488,8,93
177488,9,135
177488,11,27
177488,12,84
111597,3,117
111597,5,202
111597,8,10
111597,9,255
111597,12,106
111597,53,12
111597,212,2
36844,3,15
36844,7,126
36844,8,194
36844,9,341
36844,11,9
36844,12,7
36844,211,7
36844,212,6
177439,3,32
177439,5,62
177439,7,135
177439,8,159
177439,9,148
177439,10,45
177439,11,53
177439,12,71
108933,3,45
108933,5,124
108933,7,2
108933,8,60
108933,9,319
108933,10,3
108933,11,35
108933,12,94
108933,211,4
108933,212,18
35933,3,50
35933,7,219
35933,8,42
35933,9,216
35933,10,2
35933,11,17
35933,12,148
35933,83,1
35933,93,6
35933,212,3
161339,3,22
161339,5,1
161339,7,128
161339,8,169
161339,9,375
161339,11,1
161339,83,3
161339,210,1
161339,211,5
124562,3,44
124562,5,141
124562,8,95
124562,9,353
124562,11,6
124562,12,27
124562,53,10
124562,83,10
124562,93,5
124562,211,3
124562,212,11
30276,5,1
30276,7,262
30276,8,71
30276,9,340
30276,10,1
30276,11,2
30276,12,25
30276,211,2
164925,5,63
164925,7,145
164925,8,145
164925,9,337
164925,11,6
164925,12,6
164925,211,4
164925,212,1
129420,5,60
129420,7,131
129420,8,53
129420,9,460
35685,7,195
35685,8,154
35685,9,356
177457,5,208
177457,7,173
177457,8,104
177457,9,220
107237,7,210
107237,8,54
107237,9,388
107237,11,3
107237,12,19
107237,73,3
107237,83,6
107237,93,6
107237,211,2
107237,212,13
35718,3,60
35718,5,3
35718,7,113
35718,8,109
35718,9,280
35718,11,76
35718,12,35
35718,53,3
35718,210,2
35718,211,17
35718,212,3
177368,5,244
177368,7,74
177368,8,147
177368,9,240
115852,7,244
115852,8,88
115852,9,375
36546,3,6
36546,7,273
36546,8,88
36546,9,338
36546,211,1
36546,212,3
161412,3,3
161412,5,51
161412,7,182
161412,8,177
161412,9,250
161412,11,11
161412,12,30
115859,3,25
115859,5,37
115859,7,322
115859,8,44
115859,9,221
115859,12,59
36626,3,27
36626,5,33
36626,7,148
36626,8,133
36626,9,288
36626,11,38
36626,12,17
36626,93,5
36626,211,8
36626,212,6
164955,5,39
164955,7,243
164955,8,18
164955,9,409
115870,3,23
115870,5,46
115870,7,317
115870,8,40
115870,9,235
115870,12,46
37535,7,165
37535,8,179
37535,9,323
37535,11,8
37535,12,8
37535,83,4
37535,211,5
37535,212,13
177521,3,36
177521,5,178
177521,7,196
177521,8,77
177521,9,180
177521,11,4
177521,12,36
123885,7,338
123885,8,125
123885,9,243
30473,3,7
30473,5,3
30473,7,219
30473,8,93
30473,9,366
30473,12,21
179834,3,1
179834,5,98
179834,7,163
179834,8,33
179834,9,389
179834,12,10
179834,83,2
179834,93,6
179834,212,3
111219,3,7
111219,5,1
111219,7,216
111219,8,57
111219,9,287
111219,10,9
111219,11,10
111219,12,115
31406,7,45
31406,8,164
31406,9,502
165023,3,5
165023,7,153
165023,8,157
165023,9,391
165023,11,1
107159,3,13
107159,5,22
107159,7,280
107159,8,59
107159,9,236
107159,11,5
107159,12,67
107159,83,4
107159,210,5
107159,211,4
107159,212,14
36585,7,223
36585,8,109
36585,9,376
36585,212,1
166209,3,1
166209,7,167
166209,8,118
166209,9,423
107217,7,260
107217,8,126
107217,9,316
31707,7,4
31707,8,349
31707,9,338
31707,12,5
31707,93,4
31707,212,8
177445,3,3
177445,5,71
177445,7,178
177445,8,206
177445,9,207
177445,10,3
177445,11,19
177445,12,16
134078,7,273
134078,8,80
134078,9,356
37514,3,14
37514,5,97
37514,8,77
37514,9,288
37514,11,155
37514,12,57
37514,53,3
37514,93,2
37514,211,6
37514,212,6
132035,7,222
132035,8,104
132035,9,383
177463,3,5
177463,5,318
177463,7,115
177463,8,50
177463,9,201
177463,12,19
37559,3,145
37559,5,86
37559,8,7
37559,9,270
37559,11,94
37559,12,103
37559,93,2
177479,5,9
177479,7,197
177479,8,137
177479,9,361

115895,12,3
115895,93,1
115895,211,2
115895,212,3
120117,3,26
120117,5,8
120117,7,159
120117,8,95
120117,9,299
120117,11,16
120117,12,88
120117,210,4
120117,211,4
120117,212,10
163980,7,220
163980,8,81
163980,9,404
163980,12,3
37560,5,192
37560,8,107
37560,9,304
37560,11,29
37560,12,36
37560,93,4
37560,211,24
37560,212,12
177444,3,202
177444,5,38
177444,7,14
177444,8,18
177444,9,65
177444,10,98
177444,12,268
37645,3,16
37645,5,78
37645,8,60
37645,9,228
37645,11,209
37645,12,108
37645,212,4
109742,7,170
109742,8,142
109742,9,393
109742,12,4
37649,3,1
37649,5,218
37649,8,72
37649,9,293
37649,11,29
37649,12,56
37649,53,3
37649,93,6
37649,211,16
37649,212,11
161432,5,21
161432,7,160
161432,8,106
161432,9,419
120119,7,195
120119,8,227
120119,9,267
120119,11,2
120119,12,10
120119,93,2
120119,211,1
120119,212,1
81549,3,201
81549,5,252
81549,9,227
81549,12,27
115890,3,15
115890,5,10
115890,7,246
115890,8,45
115890,9,310
115890,12,65
115890,211,2
115890,212,12
178530,3,31
178530,5,68
178530,7,165
178530,8,15
178530,9,326
178530,10,22
178530,12,81
82510,3,15
82510,5,619
82510,8,30
82510,9,23
82510,11,2
82510,12,1
82510,53,13
82510,211,3
82510,212,3
108341,3,57
108341,5,12
108341,7,267
108341,8,79
108341,9,208
108341,10,2
108341,11,11
108341,12,69
178536,7,172
178536,8,126
178536,9,401
178536,12,9
80310,3,74
80310,5,552
80310,8,7
80310,9,33
80310,11,20
80310,12,24
119933,3,8
119933,7,147
119933,8,87
119933,9,401
119933,11,9
119933,12,21
119933,93,6
119933,211,12
119933,212,13
181140,3,88
181140,5,130
181140,8,149
181140,9,318
181140,11,7
181140,12,7
181140,93,5
181140,212,4
80275,3,54
80275,5,338
80275,8,138
80275,9,130
80275,11,20
80275,12,24
80275,85,3
181987,3,173
181987,5,9
181987,7,10
181987,9,123
181987,10,47
181987,11,70
181987,12,277
107272,3,35
107272,5,13
107272,7,270
107272,8,77
107272,9,199
107272,11,3
107272,12,94
107272,83,3
107272,93,4
107272,212,7
181171,5,243
181171,7,12
181171,8,109
181171,9,274
181171,12,43
181171,53,1
181171,83,2
181171,93,6
181171,212,14
115659,7,149
115659,8,98
115659,9,455
182022,5,59
182022,7,222
182022,8,152
182022,9,198
182022,11,1
182022,12,29
182022,115,21
182022,125,26
109729,3,5
109729,5,59
109729,7,268
109729,8,69
109729,9,255
109729,10,3
109729,11,7
109729,12,24
109729,73,6
109729,93,5
109729,210,2
109729,211,2
109729,212,4
178620,3,12
178620,5,357
178620,7,34
178620,8,36
178620,9,237
178620,10,13
178620,11,6
178620,12,2
178620,53,5
178620,210,3
115997,5,13
115997,7,269
115997,8,110
115997,9,315
191111,5,263
191111,8,117
191111,9,324
151833,5,123
151833,7,111
151833,8,129
151833,9,344
166217,3,22
166217,5,6
166217,7,140
166217,8,168
166217,9,335
166217,10,1
166217,11,15
166217,12,13
166217,210,2
166217,211,6
